{
	code: "scaffold",
	behaviors: [{name: "game:Ladder"}],
	attributes: {
		ignoreServerReplaceableTest: true,
		handbook: {
			groupBy: ["scaffold-*"]
		},
	},
	creativeinventory: { "general": ["*"], "decorative": ["*"] },
	blockmaterial: "Wood",
	drawtype: "json",
	shape: { base: "block/scaffoldmodel" },
	textures: {
		all: { base: "block/pineseemlesstexture" },
	},
	climbable: true,
	sidesolid: {
			all: "false"
		},
	sideopaque: {
			all: "false"
		},
	resistance: 1.25,	
	sounds: {
		"place": "block/planks",
		"hit": "block/planks",
		"break": "block/planks",
		"walk": "walk/wood"
	},
	collisionbox: {
		x1: 0, y1: 0, z1: 0, 
		x2: 1, y2: 1, z2: 1,
	},
	selectionbox: {
		x1: 0, y1: 0, z1: 0, 
		x2: 1, y2: 1, z2: 1,
	},
}